{"cameraMode":{"drawMode":3,"name":"Shadow Cascades","section":"Miscellaneous"},"sceneLighting":false,"audioPlay":false,"sceneViewState":{"m_AlwaysRefresh":false,"showFog":true,"showSkybox":false,"showFlares":true,"showImageEffects":true,"showParticleSystems":true,"showVisualEffectGraphs":true,"m_FxEnabled":true},"in2DMode":false,"pivot":{"x":-6.7284345626831059,"y":1.7728168964385987,"z":-11.701848030090332},"rotation":{"x":0.7245105504989624,"y":0.00021961255697533488,"z":-0.0002209984086221084,"w":0.6892845034599304},"size":1.4135160446166993,"orthographic":false}